Interpret,Titel,Album,Länge,Jahr,Genre,Bewertung,Bitrate,Pfad,Medium
"Vremya i Steklo","#kAroche","Exclusive_Music_Box_Rus","3:33",2013,"Pop",60,256,"F:\Studio\musik\dwn\_lat\_Pop-13.2\05 Vremya i Steklo - #kAroche.mp3","Data2"
"Olya Polyakova","#Shloepki","ZvezdTusOtdLutHit6P1","3:32",2013,"Pop",60,256,"F:\Studio\musik\dwn\_lat\_Pop-13.2\11.  Olya Polyakova - #Shloepki .mp3","Data2"
"Monako","13 Roz","ZvezdTusOtdLutHit6P1","3:04",2013,"Pop",70,256,"F:\Studio\musik\dwn\_lat\_Pop-13.2\44.  Monako - 13 Roz .mp3","Data2"
"Svetlana Loboda","40 Gradusov","MTVrusOktyabr","4:25",2013,"Pop",60,256,"F:\Studio\musik\dwn\_lat\_Pop-13.2\82. Svetlana Loboda - 40 Gradusov.mp3","Data2"
"Svetlana Loboda","40 Gradusov (Alex Ortega & Ivan Demsoff Remix)","ZolOsePoSotRusVipP1","3:45",2013,"Pop",60,256,"F:\Studio\musik\dwn\_lat\_Pop-13.2\71.  Svetlana Loboda - 40 Gradusov (Alex Ortega & Ivan Demsoff Remix) .mp3","Data2"
"Svetlana Loboda","40 Gradusov (Alex Ortega & Ivan Demsoff Remix)","ZvezdTusOtdLutHit6P1","3:44",2013,"Pop",60,256,"F:\Studio\musik\dwn\_lat\_Pop-13.2\63.  Svetlana Loboda - 40 Gradusov (Alex Ortega & Ivan Demsoff Remix) .mp3","Data2"
"Denis Majdanov","48 chasov","Po200LutOsenHitU2","3:59",2013,"Pop",60,128,"F:\Studio\musik\dwn\_lat\_Pop-13.2\010.  Denis Majdanov - 48 chasov .mp3","Data2"
"Korni","A aeto ne dozhd'","SamSlivOseniRus2013","3:38",2013,"Pop",60,256,"F:\Studio\musik\dwn\_lat\_Pop-13.2\61 Korni - A aeto ne dozhd'.mp3","Data2"
"Yaroslava","A Serdce Khochet (Dance Version)","MTVrusOktyabr","3:35",2013,"Pop",60,256,"F:\Studio\musik\dwn\_lat\_Pop-13.2\84. Yaroslava - A Serdce Khochet (Dance Version).mp3","Data2"
"Natal'ya Valevskaya","Aeto Lyubov'","MTVrusOktyabr","3:26",2013,"Pop",60,256,"F:\Studio\musik\dwn\_lat\_Pop-13.2\79. Natal'ya Valevskaya - Aeto Lyubov'.mp3","Data2"
"Natal'ya Valevskaya","Aeto Lyubov'","ZvezdMuzKaiP1","3:26",2013,"Pop",60,256,"F:\Studio\musik\dwn\_lat\_Pop-13.2\78.  Natal'ya Valevskaya - Aeto Lyubov' .mp3","Data2"
"Natal'ya Valevskaya","Aeto Lyubov'","ZvezdTusOtdLutHit6P1","3:26",2013,"Pop",60,256,"F:\Studio\musik\dwn\_lat\_Pop-13.2\61.  Natal'ya Valevskaya - Aeto Lyubov' .mp3","Data2"
"Kira Stertman","Aeto Ne Lyubov'","Exclusive_Music_Box_Rus","2:44",2013,"Pop",70,256,"F:\Studio\musik\dwn\_lat\_Pop-13.2\79 Kira Stertman - Aeto Ne Lyubov'.mp3","Data2"
"Maksim","Aeto Zhe Ya (New Version)","MTVrusOktyabr","3:29",2013,"Pop",60,256,"F:\Studio\musik\dwn\_lat\_Pop-13.2\59. Maksim - Aeto Zhe Ya (New Version).mp3","Data2"
"Maksim","Aeto Zhe Ya (New Version)","ZvezdTusOtdLutHit6P1","3:36",2013,"Pop",60,256,"F:\Studio\musik\dwn\_lat\_Pop-13.2\17.  Maksim - Aeto Zhe Ya (New Version) .mp3","Data2"
"Vlada Crystal","Beshenoe Leto","MTVrusOktyabr","3:03",2013,"Pop",60,256,"F:\Studio\musik\dwn\_lat\_Pop-13.2\17. Vlada Crystal - Beshenoe Leto.mp3","Data2"
"Vel'vet","Bez Menya (DJ Sergey Fisun Remix)","ZvezdTusOtdLutHit6P1","3:30",2013,"Pop",60,256,"F:\Studio\musik\dwn\_lat\_Pop-13.2\24.  Vel'vet - Bez Menya (DJ Sergey Fisun Remix) .mp3","Data2"
"Anna Semenovich","Bez rulya","DisOsDrive","3:25",2013,"Pop",70,256,"F:\Studio\musik\dwn\_lat\_Pop-13.2\51 Anna Semenovich - Bez rulya.mp3","Data2"
"Anna Semenovich","Bez rulya","SamSlivOseniRus2013","3:25",2013,"Pop",70,256,"F:\Studio\musik\dwn\_lat\_Pop-13.2\11 Anna Semenovich - Bez rulya.mp3","Data2"
"Anna Semenovich","Bez rulya","ZvezdMuzKaiP1","3:25",2013,"Pop",70,256,"F:\Studio\musik\dwn\_lat\_Pop-13.2\80.  Anna Semenovich - Bez rulya .mp3","Data2"
"Vel'vet","Blizhe nel'zya (DJ Fisun Remix)","ZolOsePoSotRusVipP1","2:58",2013,"Pop",70,256,"F:\Studio\musik\dwn\_lat\_Pop-13.2\33.  Vel'vet - Blizhe nel'zya (DJ Fisun Remix) .mp3","Data2"
"Filipp Kirkorov","Blizkie Lyudi","PozOsenPoP1","4:00",2013,"Pop",60,256,"F:\Studio\musik\dwn\_lat\_Pop-13.2\75.  Filipp Kirkorov - Blizkie Lyudi .mp3","Data2"
"Valentin","Bog S Toboj","MTVrusOktyabr","3:34",2013,"Pop",60,256,"F:\Studio\musik\dwn\_lat\_Pop-13.2\89. Valentin - Bog S Toboj.mp3","Data2"
"Glyukoza","Bol'no","DisOsDrive","3:53",2013,"Pop",60,256,"F:\Studio\musik\dwn\_lat\_Pop-13.2\25 Glyukoza - Bol'no.mp3","Data2"
"Glyukoza","Bol'no","SamSlivOseniRus2013","3:53",2013,"Pop",60,256,"F:\Studio\musik\dwn\_lat\_Pop-13.2\52 Glyukoza - Bol'no.mp3","Data2"
"Party","Bol'she ne tvoya","Exclusive_Music_Box_Rus","3:10",2013,"Pop",60,256,"F:\Studio\musik\dwn\_lat\_Pop-13.2\60 Party - Bol'she ne tvoya.mp3","Data2"
"Angelina Shalimova","Boyus' Tebya Poteryat'","ZvezdMuzKaiP1","3:20",2013,"Pop",60,256,"F:\Studio\musik\dwn\_lat\_Pop-13.2\75.  Angelina Shalimova - Boyus' Tebya Poteryat' .mp3","Data2"
"Bodybangers feat. Tony T.","Break My Stride (Radio Edit)","DisOsDrive","2:27",2013,"Pop",60,256,"F:\Studio\musik\dwn\_lat\_Pop-13.2\40 Bodybangers feat. Tony T. - Break My Stride (Radio Edit).mp3","Data2"
"Evgenij Belozerov i Dima Masyuchenko","Budu Lyubit'","Exclusive_Music_Box_Rus","4:30",2013,"Pop",60,256,"F:\Studio\musik\dwn\_lat\_Pop-13.2\68 Evgenij Belozerov i Dima Masyuchenko - Budu Lyubit'.mp3","Data2"
"Pal'chiki Oblizhesh'","Chas schast'ya","DisOsDrive","3:42",2013,"Pop",70,256,"F:\Studio\musik\dwn\_lat\_Pop-13.2\11 Pal'chiki Oblizhesh' - Chas schast'ya.mp3","Data2"
"Pal'chiki Oblizhesh'","Chas Schast'ya","MTVrusOktyabr","3:40",2013,"Pop",70,256,"F:\Studio\musik\dwn\_lat\_Pop-13.2\60. Pal'chiki Oblizhesh' - Chas Schast'ya.mp3","Data2"
"Pal'chiki Oblizhesh'","Chas schast'ya","SamSlivOseniRus2013","3:42",2013,"Pop",70,256,"F:\Studio\musik\dwn\_lat\_Pop-13.2\88 Pal'chiki Oblizhesh' - Chas schast'ya.mp3","Data2"
"Anna Sedokova","Chto Ya Nadelala","ZvezdMuzKaiP1","3:23",2013,"Pop",60,256,"F:\Studio\musik\dwn\_lat\_Pop-13.2\64.  Anna Sedokova - Chto Ya Nadelala .mp3","Data2"
"Dilajs","Daj lyubvi mne","DisOsDrive","3:10",2013,"Pop",60,256,"F:\Studio\musik\dwn\_lat\_Pop-13.2\99 Dilajs - Daj lyubvi mne.mp3","Data2"
"Dilajs","Daj lyubvi mne","Exclusive_Music_Box_Rus","3:10",2013,"Pop",60,256,"F:\Studio\musik\dwn\_lat\_Pop-13.2\58 Dilajs - Daj lyubvi mne.mp3","Data2"
"Dilajs","Daj lyubvi mne","Po200LutOsenHitU2","3:10",2013,"Pop",60,128,"F:\Studio\musik\dwn\_lat\_Pop-13.2\113.  Dilajs - Daj lyubvi mne .mp3","Data2"
"Dilajs","Daj Lyubvi Mne (Bailando Cover)","MTVrusOktyabr","3:10",2013,"Pop",60,256,"F:\Studio\musik\dwn\_lat\_Pop-13.2\77. Dilajs - Daj Lyubvi Mne (Bailando Cover).mp3","Data2"
"Dilajs","Daj Lyubvi Mne (Bailando Cover)","ZvezdMuzKaiP1","3:10",2013,"Pop",60,256,"F:\Studio\musik\dwn\_lat\_Pop-13.2\03.  Dilajs - Daj Lyubvi Mne (Bailando Cover) .mp3","Data2"
"Dilajs","Daj Lyubvi Mne (Remix)","ZolOsePoSotRusVipP1","3:42",2013,"Pop",60,256,"F:\Studio\musik\dwn\_lat\_Pop-13.2\39.  Dilajs - Daj Lyubvi Mne (Remix) .mp3","Data2"
"Dilajs","Daj Lyubvi Mne (Remix)","ZvezdTusOtdLutHit6P1","3:42",2013,"Pop",60,256,"F:\Studio\musik\dwn\_lat\_Pop-13.2\97.  Dilajs - Daj Lyubvi Mne (Remix) .mp3","Data2"
"Denis Klyaver","Davaj Pogovorim","MaxiNovinRusRad","3:34",2013,"Pop",60,256,"F:\Studio\musik\dwn\_lat\_Pop-13.2\61.  Denis Klyaver - Davaj Pogovorim .mp3","Data2"
"Denis Klyaver","Davaj Pogovorim","MTVrusOktyabr","3:31",2013,"Pop",60,256,"F:\Studio\musik\dwn\_lat\_Pop-13.2\14. Denis Klyaver - Davaj Pogovorim.mp3","Data2"
"Balagan Limited","Den' Rozhdeniya","PozOsenPoP1","3:23",2013,"Pop",60,256,"F:\Studio\musik\dwn\_lat\_Pop-13.2\44.  Balagan Limited - Den' Rozhdeniya .mp3","Data2"
"Dzhigan (Geegun)","Derzhi Menya Za Ruku","ZolOsePoSotRusVipP1","3:25",2013,"Pop",60,256,"F:\Studio\musik\dwn\_lat\_Pop-13.2\55.  Dzhigan (Geegun) - Derzhi Menya Za Ruku .mp3","Data2"
"Dzhigan","Derzhi Menya Za Ruku (DJ Nejtrino & DJ Baur Radio Mix)","MaxiNovinRusRad","3:27",2013,"Pop",60,256,"F:\Studio\musik\dwn\_lat\_Pop-13.2\24.  Dzhigan - Derzhi Menya Za Ruku (DJ Nejtrino & DJ Baur Radio Mix) .mp3","Data2"
"Dzhigan","Derzhi Menya Za Ruku (DJ Nejtrino & DJ Baur Radio Mix)","ZvezdMuzKaiP1","3:27",2013,"Pop",60,256,"F:\Studio\musik\dwn\_lat\_Pop-13.2\63.  Dzhigan - Derzhi Menya Za Ruku (DJ Nejtrino & DJ Baur Radio Mix) .mp3","Data2"
"Dzhigan","Derzhi Menya Za Ruku (DJ Nejtrino & DJ Baur Radio Mix)","ZvezdTusOtdLutHit6P1","3:27",2013,"Pop",60,256,"F:\Studio\musik\dwn\_lat\_Pop-13.2\46.  Dzhigan - Derzhi Menya Za Ruku (DJ Nejtrino & DJ Baur Radio Mix) .mp3","Data2"
"Stas Kostyushkin & DJ Gruv","Devochka Glavbukh","Exclusive_Music_Box_Rus","3:13",2013,"Pop",60,256,"F:\Studio\musik\dwn\_lat\_Pop-13.2\94 Stas Kostyushkin & DJ Gruv - Devochka Glavbukh.mp3","Data2"
"Ruki Vverkh!","Devochka iz proshlogo (Alex Valenso Remix)","PozOsenPoP1","6:17",2013,"Pop",60,256,"F:\Studio\musik\dwn\_lat\_Pop-13.2\97.  Ruki Vverkh! - Devochka iz proshlogo (Alex Valenso Remix) .mp3","Data2"
"Sergej Zhukov","Devochka ne spit [DJ Briez &amp; DJ Alexey Lavrov Remix]","MTVrusOktyabr","3:06",2013,"Pop",80,256,"F:\Studio\musik\dwn\_lat\_Pop-13.2\56. Sergej Zhukov - Devochka ne spit [DJ Briez &amp; DJ Alexey Lavrov Remix].mp3","Data2"
"T1one","Devochka Pover'","PozOsenPoP1","3:59",2013,"Pop",60,256,"F:\Studio\musik\dwn\_lat\_Pop-13.2\46.  T1one - Devochka Pover' .mp3","Data2"
"MC Zali & DJ HaLF","Devochka Raj","PozOsenPoP1","3:36",2013,"Pop",70,256,"F:\Studio\musik\dwn\_lat\_Pop-13.2\01.  MC Zali & DJ HaLF - Devochka Raj.mp3","Data2"
"Ani Lorak","Dlya tebya","ZvezdTusOtdLutHit6P1","2:54",2013,"Pop",80,256,"F:\Studio\musik\dwn\_lat\_Pop-13.2\93.  Ani Lorak - Dlya tebya .mp3","Data2"
"GadZheTy","Dobrye Lyudi","DisOsDrive","3:11",2013,"Pop",60,256,"F:\Studio\musik\dwn\_lat\_Pop-13.2\97 GadZheTy - Dobrye Lyudi.mp3","Data2"
"GadZheTy","Dobrye Lyudi","SamSlivOseniRus2013","3:11",2013,"Pop",60,256,"F:\Studio\musik\dwn\_lat\_Pop-13.2\41 GadZheTy - Dobrye Lyudi.mp3","Data2"
"K.Melody feat. Loc","Dog - Za Toboj","Po200LutOsenHitU2","3:42",2013,"Pop",60,128,"F:\Studio\musik\dwn\_lat\_Pop-13.2\085.  K.Melody feat. Loc - Dog - Za Toboj .mp3","Data2"
"Infiniti","Drugaya (Alex Menco Slow Remix)","ZolOsePoSotRusVipP1","3:05",2013,"Pop",70,256,"F:\Studio\musik\dwn\_lat\_Pop-13.2\68.  Infiniti - Drugaya (Alex Menco Slow Remix) .mp3","Data2"
"Infiniti","Drugaya (Alex Menco Slow Remix)","ZvezdTusOtdLutHit6P1","3:05",2013,"Pop",70,256,"F:\Studio\musik\dwn\_lat\_Pop-13.2\89.  Infiniti - Drugaya (Alex Menco Slow Remix) .mp3","Data2"
"Tasha","Dumayu O Tebe","MTVrusOktyabr","3:55",2013,"Pop",60,256,"F:\Studio\musik\dwn\_lat\_Pop-13.2\11. Tasha - Dumayu O Tebe.mp3","Data2"
"Tasha","Dumayu o tebe","SamSlivOseniRus2013","3:55",2013,"Pop",60,256,"F:\Studio\musik\dwn\_lat\_Pop-13.2\78 Tasha - Dumayu o tebe.mp3","Data2"
"Ani Lorak","Dusha","SamSlivOseniRus2013","3:10",2013,"Pop",60,256,"F:\Studio\musik\dwn\_lat\_Pop-13.2\60 Ani Lorak - Dusha.mp3","Data2"
"Viktoriya Il'inskaya","Dva imeni (remix)","ZvezdTusOtdLutHit6P1","3:45",2013,"Pop",60,192,"F:\Studio\musik\dwn\_lat\_Pop-13.2\31.  Viktoriya Il'inskaya - Dva imeni (remix) .mp3","Data2"
"Zlata","Dyujmovochka","DisOsDrive","3:28",2013,"Pop",60,256,"F:\Studio\musik\dwn\_lat\_Pop-13.2\63 Zlata - Dyujmovochka.mp3","Data2"
"Zlata (Zlata)","Dyujmovochka","ZolOsePoSotRusVipP1","3:28",2013,"Pop",60,256,"F:\Studio\musik\dwn\_lat\_Pop-13.2\27.  Zlata (Zlata) - Dyujmovochka .mp3","Data2"
"Real O","Elki","PozOsenPoP1","3:25",2013,"Pop",60,256,"F:\Studio\musik\dwn\_lat\_Pop-13.2\21.  Real O - ¨lki .mp3","Data2"
"Marka (Mark Savin) i Sonya","Fuck You!","LuchSotOsHitInov2","2:47",2013,"Pop",60,256,"F:\Studio\musik\dwn\_lat\_Pop-13.2\83.  Marka (Mark Savin) i Sonya - Fuck You! .mp3","Data2"
"Taisiya Povalij","Gde lyubov'","SamSlivOseniRus2013","3:28",2013,"Pop",60,256,"F:\Studio\musik\dwn\_lat\_Pop-13.2\62 Taisiya Povalij - Gde lyubov'.mp3","Data2"
"Aleksandr Shoua (ex. Nepara)","Golos Tvoj","SamSlivOseniRus2013","3:34",2013,"Pop",60,256,"F:\Studio\musik\dwn\_lat\_Pop-13.2\63 Aleksandr Shoua (ex. Nepara) - Golos Tvoj.mp3","Data2"
"Komissar","Goluboglazaya","PozOsenPoP1","3:34",2013,"Pop",60,256,"F:\Studio\musik\dwn\_lat\_Pop-13.2\37.  Komissar - Goluboglazaya .mp3","Data2"
"Lajma Vajkule","I Love You Too","LuchSotOsHitInov2","2:39",2013,"Pop",60,256,"F:\Studio\musik\dwn\_lat\_Pop-13.2\91.  Lajma Vajkule - I Love You Too .mp3","Data2"
"Nikita","Idi Navstrechu (Versiya 2013)","DisOsDrive","6:15",2013,"Pop",70,256,"F:\Studio\musik\dwn\_lat\_Pop-13.2\27 Nikita - Idi Navstrechu (Versiya 2013).mp3","Data2"
"Nikita","Idi Navstrechu (Versiya 2013)","Exclusive_Music_Box_Rus","6:15",2013,"Pop",70,256,"F:\Studio\musik\dwn\_lat\_Pop-13.2\39 Nikita - Idi Navstrechu (Versiya 2013).mp3","Data2"
"Katya Lel'","Idu po oseni","Po200LutOsenHitU2","4:37",2013,"Pop",60,256,"F:\Studio\musik\dwn\_lat\_Pop-13.2\138.  Katya Lel' - Idu po oseni .mp3","Data2"
"Blestyaschie","K Aekvatoru","Exclusive_Music_Box_Rus","2:56",2013,"Pop",60,256,"F:\Studio\musik\dwn\_lat\_Pop-13.2\61 Blestyaschie - K Aekvatoru.mp3","Data2"
"¨lka","Khochu","MaxiNovinRusRad","3:35",2013,"Pop",80,256,"F:\Studio\musik\dwn\_lat\_Pop-13.2\11.  ¨lka - Khochu .mp3","Data2"
"Belka","Klyuchicy (Lounge Version)","PozOsenPoP1","3:30",2013,"Pop",60,256,"F:\Studio\musik\dwn\_lat\_Pop-13.2\66.  Belka - Klyuchicy (Lounge Version) .mp3","Data2"
"Alisiya","Kolybel'naya (DJ Art Time & DJ Nitkin Remix )","MaxiNovinRusRad","4:24",2013,"Pop",70,256,"F:\Studio\musik\dwn\_lat\_Pop-13.2\31.  Alisiya - Kolybel'naya (DJ Art Time & DJ Nitkin Remix ) .mp3","Data2"
"Denis Majdanov","Komnata na krayu zemli","SamSlivOseniRus2013","3:47",2013,"Pop",80,256,"F:\Studio\musik\dwn\_lat\_Pop-13.2\21 Denis Majdanov - Komnata na krayu zemli.mp3","Data2"
"Niko Neman","Kradennoe schast'e","SamSlivOseniRus2013","3:14",2013,"Pop",60,256,"F:\Studio\musik\dwn\_lat\_Pop-13.2\25 Niko Neman - Kradennoe schast'e.mp3","Data2"
"Aleksandr Kogan","Kto pridumal mir","LuchSotOsHitInov2","3:19",2013,"Pop",60,256,"F:\Studio\musik\dwn\_lat\_Pop-13.2\29.  Aleksandr Kogan - Kto pridumal mir .mp3","Data2"
"Potap","Lajki","MTVrusOktyabr","3:23",2013,"Pop",60,256,"F:\Studio\musik\dwn\_lat\_Pop-13.2\93. Potap - Lajki.mp3","Data2"
"??????","Laveli Boj","MTVrusOktyabr","3:39",2013,"Pop",60,256,"F:\Studio\musik\dwn\_lat\_Pop-13.2\42. Gvozdi - Laveli Boj.mp3","Data2"
"Elka","Leti, Liza","SamSlivOseniRus2013","3:30",2013,"Pop",70,256,"F:\Studio\musik\dwn\_lat\_Pop-13.2\58 Elka - Leti, Liza.mp3","Data2"
"Dima Veber","Leto","LuchSotOsHitInov2","3:36",2013,"Pop",60,256,"F:\Studio\musik\dwn\_lat\_Pop-13.2\66.  Dima Veber - Leto .mp3","Data2"
"MC Zali","Leto","LuchSotOsHitInov2","3:25",2013,"Pop",60,320,"F:\Studio\musik\dwn\_lat\_Pop-13.2\97.  MC Zali - Leto .mp3","Data2"
"MC Zali","Leto","ZvezdMuzKaiP1","3:25",2013,"Pop",60,320,"F:\Studio\musik\dwn\_lat\_Pop-13.2\29.  MC Zali - Leto .mp3","Data2"
"Caro Emerald","Liquid Lunch","Po200LutOsenHitU2","3:58",2013,"Pop",60,128,"F:\Studio\musik\dwn\_lat\_Pop-13.2\107.  Caro Emerald - Liquid Lunch .mp3","Data2"
"Para Normal'nykh","Love Is","DisOsDrive","3:06",2013,"Pop",60,256,"F:\Studio\musik\dwn\_lat\_Pop-13.2\77 Para Normal'nykh - Love Is.mp3","Data2"
"Para Normal'nykh","Love Is","Exclusive_Music_Box_Rus","3:06",2013,"Pop",60,256,"F:\Studio\musik\dwn\_lat\_Pop-13.2\21 Para Normal'nykh - Love Is.mp3","Data2"
"Para Normal'nykh","Love Is","MTVrusOktyabr","3:04",2013,"Pop",60,256,"F:\Studio\musik\dwn\_lat\_Pop-13.2\72. Para Normal'nykh - Love Is.mp3","Data2"
"Para Normal'nykh","Love Is","Po200LutOsenHitU2","3:06",2013,"Pop",60,128,"F:\Studio\musik\dwn\_lat\_Pop-13.2\023.  Para Normal'nykh - Love Is .mp3","Data2"
"Para Normal'nykh","Love Is","ZolOsePoSotRusVipP1","3:06",2013,"Pop",60,256,"F:\Studio\musik\dwn\_lat\_Pop-13.2\36.  Para Normal'nykh - Love Is .mp3","Data2"
"Dima Bilan","Lovi moi cvetnye sny (DJ Sergey Fisun Remix)","ZvezdMuzKaiP1","2:46",2013,"Pop",60,256,"F:\Studio\musik\dwn\_lat\_Pop-13.2\10.  Dima Bilan - Lovi moi cvetnye sny (DJ Sergey Fisun Remix) .mp3","Data2"
"Igor' Nikolaev","Luchshaya iz luchshikh","SamSlivOseniRus2013","3:59",2013,"Pop",60,256,"F:\Studio\musik\dwn\_lat\_Pop-13.2\04 Igor' Nikolaev - Luchshaya iz luchshikh.mp3","Data2"
"Zara","Lyubov' kak pogoda","ZolOsePoSotRusVipP1","3:29",2013,"Pop",60,256,"F:\Studio\musik\dwn\_lat\_Pop-13.2\43.  Zara - Lyubov' kak pogoda .mp3","Data2"
"Anna Semenovich","Lyubov' Pod Oblakami (DJ Noiz & DJ Maxtal Remix)","ZolOsePoSotRusVipP1","3:22",2013,"Pop",60,256,"F:\Studio\musik\dwn\_lat\_Pop-13.2\69.  Anna Semenovich - Lyubov' Pod Oblakami (DJ Noiz & DJ Maxtal Remix) .mp3","Data2"
"Anna Semenovich","Lyubov' Pod Oblakami (DJ Noiz & DJ Maxtal Remix)","ZvezdTusOtdLutHit6P1","3:22",2013,"Pop",60,256,"F:\Studio\musik\dwn\_lat\_Pop-13.2\33.  Anna Semenovich - Lyubov' Pod Oblakami (DJ Noiz & DJ Maxtal Remix) .mp3","Data2"
"Filipp Kirkorov","Lyubov' pyat' zvezd","SamSlivOseniRus2013","3:10",2013,"Pop",70,256,"F:\Studio\musik\dwn\_lat\_Pop-13.2\91 Filipp Kirkorov - Lyubov' pyat' zvezd.mp3","Data2"
"T - Killah Feat. Nastya Petrik","Malen'kij Soldat","MaxiNovinRusRad","4:15",2013,"Pop",70,256,"F:\Studio\musik\dwn\_lat\_Pop-13.2\48.  T - Killah Feat. Nastya Petrik - Malen'kij Soldat .mp3","Data2"
"Serebro","Malo tebya","DisOsDrive","3:45",2013,"Pop",60,256,"F:\Studio\musik\dwn\_lat\_Pop-13.2\55 Serebro - Malo tebya.mp3","Data2"
"Serebro","Malo tebya","ZolOsePoSotRusVipP1","3:45",2013,"Pop",60,256,"F:\Studio\musik\dwn\_lat\_Pop-13.2\32.  Serebro - Malo tebya .mp3","Data2"
"Serebro","Malo Tebya","ZvezdTusOtdLutHit6P1","3:42",2013,"Pop",60,256,"F:\Studio\musik\dwn\_lat\_Pop-13.2\02.  Serebro - Malo Tebya .mp3","Data2"
"Serebro","Malo Tebya (Video Version)","Exclusive_Music_Box_Rus","3:43",2013,"Pop",60,256,"F:\Studio\musik\dwn\_lat\_Pop-13.2\17 Serebro - Malo Tebya (Video Version).mp3","Data2"
"Dima Bilan","Malysh","DisOsDrive","3:29",2013,"Pop",60,256,"F:\Studio\musik\dwn\_lat\_Pop-13.2\57 Dima Bilan - Malysh.mp3","Data2"
"Dima Bilan","Malysh","LuchSotOsHitInov2","3:32",2013,"Pop",60,192,"F:\Studio\musik\dwn\_lat\_Pop-13.2\03.  Dima Bilan - Malysh.mp3","Data2"
"Dima Bilan","Malysh","Po200LutOsenHitU2","3:29",2013,"Pop",60,128,"F:\Studio\musik\dwn\_lat\_Pop-13.2\192.  Dima Bilan - Malysh .mp3","Data2"
"Dima Bilan","Malysh","SamSlivOseniRus2013","3:29",2013,"Pop",60,256,"F:\Studio\musik\dwn\_lat\_Pop-13.2\96 Dima Bilan - Malysh.mp3","Data2"
"Dima Bilan","Malysh","ZolOsePoSotRusVipP1","3:32",2013,"Pop",60,256,"F:\Studio\musik\dwn\_lat\_Pop-13.2\65.  Dima Bilan - Malysh .mp3","Data2"
"Elina Chaga","Mechta","Po200LutOsenHitU2","3:18",2013,"Pop",60,128,"F:\Studio\musik\dwn\_lat\_Pop-13.2\012.  Elina Chaga - Mechta .mp3","Data2"
"Paskal' & Konstantin Legostaev","Mechtaem","ZvezdTusOtdLutHit6P1","3:25",2013,"Pop",60,256,"F:\Studio\musik\dwn\_lat\_Pop-13.2\55.  Paskal' & Konstantin Legostaev - Mechtaem .mp3","Data2"
"Afrodita","Melodiya leta","Exclusive_Music_Box_Rus","3:05",2013,"Pop",60,256,"F:\Studio\musik\dwn\_lat\_Pop-13.2\66 Afrodita - Melodiya leta.mp3","Data2"
"Afrodita","Melodiya Leta (Dj Djev Remix)","MTVrusOktyabr","3:17",2013,"Pop",60,256,"F:\Studio\musik\dwn\_lat\_Pop-13.2\69. Afrodita - Melodiya Leta (Dj Djev Remix).mp3","Data2"
"Afrodita","Melodiya Leta (Johan K & Sasha Veter Remix)","ZvezdTusOtdLutHit6P1","3:23",2013,"Pop",60,256,"F:\Studio\musik\dwn\_lat\_Pop-13.2\21.  Afrodita - Melodiya Leta (Johan K & Sasha Veter Remix) .mp3","Data2"
"Afrodita","Melodiya Leta (Radio Edit)","ZvezdMuzKaiP1","3:05",2013,"Pop",60,256,"F:\Studio\musik\dwn\_lat\_Pop-13.2\24.  Afrodita - Melodiya Leta (Radio Edit) .mp3","Data2"
"Zlata","Mersi (Dj Sergey Fisun Remix)","ZvezdTusOtdLutHit6P1","2:57",2013,"Pop",60,256,"F:\Studio\musik\dwn\_lat\_Pop-13.2\73.  Zlata - Mersi (Dj Sergey Fisun Remix) .mp3","Data2"
"Serebro","Mi Mi Mi","LuchSotOsHitInov2","3:12",2013,"Pop",60,256,"F:\Studio\musik\dwn\_lat\_Pop-13.2\23.  Serebro - Mi Mi Mi .mp3","Data2"
"Serebro","Mi Mi Mi","Po200LutOsenHitU2","3:12",2013,"Pop",60,128,"F:\Studio\musik\dwn\_lat\_Pop-13.2\165.  Serebro - Mi Mi Mi .mp3","Data2"
"Serebro","Mi Mi Mi (DJ Vini Club Mix)","PozOsenPoP1","4:53",2013,"Pop",60,256,"F:\Studio\musik\dwn\_lat\_Pop-13.2\34.  Serebro - Mi Mi Mi (DJ Vini Club Mix) .mp3","Data2"
"Serebro","Mi Mi Mi (Gary Caos Radio Edit)","ZolOsePoSotRusVipP1","3:39",2013,"Pop",60,256,"F:\Studio\musik\dwn\_lat\_Pop-13.2\56.  Serebro - Mi Mi Mi (Gary Caos Radio Edit) .mp3","Data2"
"Serebro","Mi Mi Mi (Rudeejay and Da Brozz Radio Edit)","DisOsDrive","3:18",2013,"Pop",60,256,"F:\Studio\musik\dwn\_lat\_Pop-13.2\00 Serebro - Mi Mi Mi (Rudeejay and Da Brozz Radio Edit).mp3","Data2"
"Ruki Vverkh","Mirazhi","ZvezdTusOtdLutHit6P1","3:38",2013,"Pop",70,256,"F:\Studio\musik\dwn\_lat\_Pop-13.2\01.  Ruki Vverkh - Mirazhi .mp3","Data2"
"Yura Titov","Moe Serdce","ZolOsePoSotRusVipP1","3:34",2013,"Pop",60,256,"F:\Studio\musik\dwn\_lat\_Pop-13.2\60.  Yura Titov - Moe Serdce .mp3","Data2"
"Yura Titov","Moe Serdce","ZvezdMuzKaiP1","3:34",2013,"Pop",60,320,"F:\Studio\musik\dwn\_lat\_Pop-13.2\69.  Yura Titov - Moe Serdce .mp3","Data2"
"Yurij Titov","Moe Serdce","DisOsDrive","3:34",2013,"Pop",60,256,"F:\Studio\musik\dwn\_lat\_Pop-13.2\71 Yurij Titov - Moe Serdce.mp3","Data2"
"Yurij Titov","Moe serdce","SamSlivOseniRus2013","3:34",2013,"Pop",60,256,"F:\Studio\musik\dwn\_lat\_Pop-13.2\94 Yurij Titov - Moe serdce.mp3","Data2"
"Aleksandr Bujnov","Moe solnce","Exclusive_Music_Box_Rus","3:45",2013,"Pop",60,256,"F:\Studio\musik\dwn\_lat\_Pop-13.2\22 Aleksandr Bujnov - Moe solnce.mp3","Data2"
"Eva Pol'na","Molchanie","DisOsDrive","3:11",2013,"Pop",60,256,"F:\Studio\musik\dwn\_lat\_Pop-13.2\83 Eva Pol'na - Molchanie.mp3","Data2"
"Eva Pol'na","Molchanie","Exclusive_Music_Box_Rus","3:12",2013,"Pop",60,256,"F:\Studio\musik\dwn\_lat\_Pop-13.2\71 Eva Pol'na - Molchanie.mp3","Data2"
"Eva Pol'na","Molchanie","Po200LutOsenHitU2","3:11",2013,"Pop",60,128,"F:\Studio\musik\dwn\_lat\_Pop-13.2\095.  Eva Pol'na - Molchanie .mp3","Data2"
"David","Mon Ami","Exclusive_Music_Box_Rus","3:23",2013,"Pop",60,256,"F:\Studio\musik\dwn\_lat\_Pop-13.2\45 David - Mon Ami.mp3","Data2"
"Nastya Yasna","Moskva-Sochi","MTVrusOktyabr","3:14",2013,"Pop",70,256,"F:\Studio\musik\dwn\_lat\_Pop-13.2\35. Nastya Yasna - Moskva-Sochi.mp3","Data2"
"Yuliya Savicheva","Moskva-Vladivostok (Rodion Gordin 2012 Swedish Refix Radio)","ZvezdMuzKaiP1","3:57",2013,"Pop",60,256,"F:\Studio\musik\dwn\_lat\_Pop-13.2\55.  Yuliya Savicheva - Moskva-Vladivostok (Rodion Gordin 2012 Swedish Refix Radio) .mp3","Data2"
"Natasha Vladina","Muzh Moj Dorogoj","LuchSotOsHitInov2","3:05",2013,"Pop",60,256,"F:\Studio\musik\dwn\_lat\_Pop-13.2\37.  Natasha Vladina - Muzh Moj Dorogoj .mp3","Data2"
"Natasha Vladina","Muzh Moj Dorogoj","ZvezdTusOtdLutHit6P1","3:06",2013,"Pop",60,256,"F:\Studio\musik\dwn\_lat\_Pop-13.2\07.  Natasha Vladina - Muzh Moj Dorogoj .mp3","Data2"
"B'yanka","Muzyka","ZvezdTusOtdLutHit6P1","3:43",2013,"Pop",60,256,"F:\Studio\musik\dwn\_lat\_Pop-13.2\26.  B'yanka - Muzyka .mp3","Data2"
"B'yanka","Muzyka (Ural Djs Remix)","ZvezdMuzKaiP1","4:52",2013,"Pop",60,256,"F:\Studio\musik\dwn\_lat\_Pop-13.2\04.  B'yanka - Muzyka (Ural Djs Remix) .mp3","Data2"
"Dzhigan (Geegun)","Na Kraj Cveta (DJ Ed Remix)","ZvezdTusOtdLutHit6P1","3:35",2013,"Pop",60,256,"F:\Studio\musik\dwn\_lat\_Pop-13.2\27.  Dzhigan (Geegun) - Na Kraj Cveta (DJ Ed Remix) .mp3","Data2"
"Mokhito","Na radio","Exclusive_Music_Box_Rus","3:20",2013,"Pop",60,256,"F:\Studio\musik\dwn\_lat\_Pop-13.2\67 Mokhito - Na radio.mp3","Data2"
"Bez Bileta","Na Yamajku","LuchSotOsHitInov2","2:55",2013,"Pop",60,256,"F:\Studio\musik\dwn\_lat\_Pop-13.2\28.  Bez Bileta - Na Yamajku .mp3","Data2"
"Natanika","Naleteli","ZolOsePoSotRusVipP1","3:25",2013,"Pop",70,256,"F:\Studio\musik\dwn\_lat\_Pop-13.2\17.  Natanika - Naleteli .mp3","Data2"
"Dzhigan","Nas Bol'she Net (Michael Yousher Remix)","MTVrusOktyabr","3:45",2013,"Pop",70,256,"F:\Studio\musik\dwn\_lat\_Pop-13.2\06. Dzhigan - Nas Bol'she Net (Michael Yousher Remix).mp3","Data2"
"Gradusy","Nauchit'sya by ne parit'sya (DJ Solovey Remix)","ZvezdTusOtdLutHit6P1","3:27",2013,"Pop",60,256,"F:\Studio\musik\dwn\_lat\_Pop-13.2\23.  Gradusy - Nauchit'sya by ne parit'sya (DJ Solovey Remix) .mp3","Data2"
"Polina Gagarina","Navek","DisOsDrive","4:29",2013,"Pop",60,256,"F:\Studio\musik\dwn\_lat\_Pop-13.2\47 Polina Gagarina - Navek.mp3","Data2"
"Polina Gagarina","Navek","Po200LutOsenHitU2","4:29",2013,"Pop",60,128,"F:\Studio\musik\dwn\_lat\_Pop-13.2\047.  Polina Gagarina - Navek .mp3","Data2"
"Polina Gagarina","Navek","PozOsenPoP1","4:29",2013,"Pop",60,256,"F:\Studio\musik\dwn\_lat\_Pop-13.2\02.  Polina Gagarina - Navek .mp3","Data2"
"Polina Gagarina","Navek","SamSlivOseniRus2013","4:29",2013,"Pop",60,256,"F:\Studio\musik\dwn\_lat\_Pop-13.2\99 Polina Gagarina - Navek.mp3","Data2"
"Ruki Vverkh","Ne Bojsya, Ya S Toboj (Dj V1T Remix)","MTVrusOktyabr","5:37",2013,"Pop",60,256,"F:\Studio\musik\dwn\_lat\_Pop-13.2\19. Ruki Vverkh - Ne Bojsya, Ya S Toboj (Dj V1T Remix).mp3","Data2"
"Nikolaj Baskov","Ne Bylo By Pechali","LuchSotOsHitInov2","3:15",2013,"Pop",60,256,"F:\Studio\musik\dwn\_lat\_Pop-13.2\47.  Nikolaj Baskov - Ne Bylo By Pechali .mp3","Data2"
"Nikolaj Baskov","Ne bylo by pechali","SamSlivOseniRus2013","3:17",2013,"Pop",60,256,"F:\Studio\musik\dwn\_lat\_Pop-13.2\85 Nikolaj Baskov - Ne bylo by pechali.mp3","Data2"
"Assorti","Ne govori","Po200LutOsenHitU2","3:11",2013,"Pop",60,128,"F:\Studio\musik\dwn\_lat\_Pop-13.2\072.  Assorti - Ne govori .mp3","Data2"
"Dmitrij Koldun","Ne grusti","Exclusive_Music_Box_Rus","3:12",2013,"Pop",60,256,"F:\Studio\musik\dwn\_lat\_Pop-13.2\26 Dmitrij Koldun - Ne grusti.mp3","Data2"
"Dmitrij Koldun","Ne grusti","ZvezdMuzKaiP1","3:12",2013,"Pop",60,256,"F:\Studio\musik\dwn\_lat\_Pop-13.2\36.  Dmitrij Koldun - Ne grusti .mp3","Data2"
"Igor' Tukhvatov i Dar'ya Kumpan'enko","Ne Ostanovit'","SamSlivOseniRus2013","3:08",2013,"Pop",60,256,"F:\Studio\musik\dwn\_lat\_Pop-13.2\29 Igor' Tukhvatov i Dar'ya Kumpan'enko - Ne Ostanovit'.mp3","Data2"
"Fabrika","Ne rodis' krasivoj","SamSlivOseniRus2013","4:11",2013,"Pop",60,256,"F:\Studio\musik\dwn\_lat\_Pop-13.2\05 Fabrika - Ne rodis' krasivoj.mp3","Data2"
"VIA Gra","Ne Vedaya Pregrad","LuchSotOsHitInov2","3:26",2013,"Pop",70,256,"F:\Studio\musik\dwn\_lat\_Pop-13.2\01.  VIA Gra - Ne Vedaya Pregrad .mp3","Data2"
"VIA Gra","Ne vedaya pregrad","SamSlivOseniRus2013","3:27",2013,"Pop",70,256,"F:\Studio\musik\dwn\_lat\_Pop-13.2\26 VIA Gra - Ne vedaya pregrad.mp3","Data2"
"VIA Gra","Ne Vedaya Pregrad","ZolOsePoSotRusVipP1","3:26",2013,"Pop",70,256,"F:\Studio\musik\dwn\_lat\_Pop-13.2\02.  VIA Gra - Ne Vedaya Pregrad.mp3","Data2"
"Aleksandr Bujnov","Ne verila Moskva slezam","Po200LutOsenHitU2","4:58",2013,"Pop",70,128,"F:\Studio\musik\dwn\_lat\_Pop-13.2\139.  Aleksandr Bujnov - Ne verila Moskva slezam .mp3","Data2"
"Artur Best feat. Timaro","Nebesa","Exclusive_Music_Box_Rus","4:11",2013,"Pop",60,256,"F:\Studio\musik\dwn\_lat\_Pop-13.2\55 Artur Best feat. Timaro - Nebesa.mp3","Data2"
"Alena Pak","Nebo Manit Menya","ZolOsePoSotRusVipP1","4:23",2013,"Pop",60,256,"F:\Studio\musik\dwn\_lat\_Pop-13.2\41.  Alena Pak - Nebo Manit Menya .mp3","Data2"
"Maks Korzh","Nebo pomozhet nam","DisOsDrive","3:25",2013,"Pop",60,256,"F:\Studio\musik\dwn\_lat\_Pop-13.2\93 Maks Korzh - Nebo pomozhet nam.mp3","Data2"
"Dj Skazka","Neonovyj Svet","LuchSotOsHitInov2","3:12",2013,"Pop",60,256,"F:\Studio\musik\dwn\_lat\_Pop-13.2\69.  Dj Skazka - Neonovyj Svet .mp3","Data2"
"Polina Gagarina","Net","MaxiNovinRusRad","3:55",2013,"Pop",80,256,"F:\Studio\musik\dwn\_lat\_Pop-13.2\86.  Polina Gagarina - Net .mp3","Data2"
"Polina Gagarina","Net","ZvezdMuzKaiP1","3:55",2013,"Pop",80,256,"F:\Studio\musik\dwn\_lat\_Pop-13.2\46.  Polina Gagarina - Net .mp3","Data2"
"Polina Gagarina","Net (DJ Flight & DJ Zhukovsky Official Radio Edit)","ZvezdTusOtdLutHit6P1","3:08",2013,"Pop",80,256,"F:\Studio\musik\dwn\_lat\_Pop-13.2\22.  Polina Gagarina - Net (DJ Flight & DJ Zhukovsky Official Radio Edit) .mp3","Data2"
"Alsu","Net Tebya Dorozhe","ZvezdTusOtdLutHit6P1","3:25",2013,"Pop",60,256,"F:\Studio\musik\dwn\_lat\_Pop-13.2\41.  Alsu - Net Tebya Dorozhe .mp3","Data2"
"Elena Vaenga","Nevesta","Exclusive_Music_Box_Rus","3:46",2013,"Pop",70,256,"F:\Studio\musik\dwn\_lat\_Pop-13.2\64 Elena Vaenga - Nevesta.mp3","Data2"
"Oksana Afanas'eva","Nezemnaya","Exclusive_Music_Box_Rus","3:45",2013,"Pop",70,256,"F:\Studio\musik\dwn\_lat\_Pop-13.2\14 Oksana Afanas'eva - Nezemnaya.mp3","Data2"
"Infiniti","Nezhno","ZolOsePoSotRusVipP1","3:40",2013,"Pop",60,256,"F:\Studio\musik\dwn\_lat\_Pop-13.2\09.  Infiniti - Nezhno .mp3","Data2"
"Infiniti","Nezhno (Summer Mix)","LuchSotOsHitInov2","3:34",2013,"Pop",60,256,"F:\Studio\musik\dwn\_lat\_Pop-13.2\81.  Infiniti - Nezhno (Summer Mix) .mp3","Data2"
"Infiniti","Nezhno (Summer Mix)","Po200LutOsenHitU2","3:34",2013,"Pop",60,128,"F:\Studio\musik\dwn\_lat\_Pop-13.2\045.  Infiniti - Nezhno (Summer Mix) .mp3","Data2"
"Infiniti","Nezhno (Summer Mix)","PozOsenPoP1","3:34",2013,"Pop",60,256,"F:\Studio\musik\dwn\_lat\_Pop-13.2\04.  Infiniti - Nezhno (Summer Mix).mp3","Data2"
"Staryj priyatel'","Novyj den' kalendarya","Po200LutOsenHitU2","4:04",2013,"Pop",60,128,"F:\Studio\musik\dwn\_lat\_Pop-13.2\071.  Staryj priyatel' - Novyj den' kalendarya .mp3","Data2"
"Nikolaj Baskov","Nu kto skazal","Po200LutOsenHitU2","3:28",2013,"Pop",70,128,"F:\Studio\musik\dwn\_lat\_Pop-13.2\174.  Nikolaj Baskov - Nu kto skazal .mp3","Data2"
"Elena Terleeva","Obmanu sebya","Exclusive_Music_Box_Rus","3:27",2013,"Pop",60,256,"F:\Studio\musik\dwn\_lat\_Pop-13.2\02 Elena Terleeva - Obmanu sebya.mp3","Data2"
"A Dessa","Odessa","Po200LutOsenHitU2","3:44",2013,"Pop",60,128,"F:\Studio\musik\dwn\_lat\_Pop-13.2\166.  A - Dessa - Odessa .mp3","Data2"
"Slava","Odinochestvo-suka","ZolOsePoSotRusVipP1","3:00",2013,"Pop",70,256,"F:\Studio\musik\dwn\_lat\_Pop-13.2\50.  Slava - Odinochestvo-suka .mp3","Data2"
"Anzhelika Varum","Oglyanis'","Po200LutOsenHitU2","3:23",2013,"Pop",60,128,"F:\Studio\musik\dwn\_lat\_Pop-13.2\083.  Anzhelika Varum - Oglyanis' .mp3","Data2"
"Aloena Vysotskaya","Opyat' Neudacha","ZolOsePoSotRusVipP1","3:54",2013,"Pop",70,256,"F:\Studio\musik\dwn\_lat\_Pop-13.2\67.  Aloena Vysotskaya - Opyat' Neudacha .mp3","Data2"
"Ani Lorak","Oranzhevye sny","Exclusive_Music_Box_Rus","3:27",2013,"Pop",60,256,"F:\Studio\musik\dwn\_lat\_Pop-13.2\42 Ani Lorak - Oranzhevye sny.mp3","Data2"
"Ani Lorak","Oranzhevye Sny","LuchSotOsHitInov2","3:27",2013,"Pop",60,256,"F:\Studio\musik\dwn\_lat\_Pop-13.2\33.  Ani Lorak - Oranzhevye Sny .mp3","Data2"
"Ani Lorak","Oranzhevye sny","ZolOsePoSotRusVipP1","3:27",2013,"Pop",60,256,"F:\Studio\musik\dwn\_lat\_Pop-13.2\64.  Ani Lorak - Oranzhevye sny .mp3","Data2"
"Picca","Oruzhie (DJ Scruche & DJ V1t Chillout Mix)","SamSlivOseniRus2013","3:42",2013,"Pop",60,256,"F:\Studio\musik\dwn\_lat\_Pop-13.2\34 Picca - Oruzhie (DJ Scruche & DJ V1t Chillout Mix).mp3","Data2"
"Aleks Prusov","Osen'","Po200LutOsenHitU2","3:42",2013,"Pop",60,256,"F:\Studio\musik\dwn\_lat\_Pop-13.2\001.  Aleks Prusov - Osen' .mp3","Data2"
"Alsu","Osen'","Po200LutOsenHitU2","4:36",2013,"Pop",60,256,"F:\Studio\musik\dwn\_lat\_Pop-13.2\094.   - Alsu – Osen' .mp3","Data2"
"Kitaj","Osen'","Po200LutOsenHitU2","4:14",2013,"Pop",80,256,"F:\Studio\musik\dwn\_lat\_Pop-13.2\022.  Kitaj - Osen' .mp3","Data2"
"Lazurnyj Bereg","Osen'","Po200LutOsenHitU2","3:40",2013,"Pop",60,256,"F:\Studio\musik\dwn\_lat\_Pop-13.2\160.  Lazurnyj Bereg - Osen' .mp3","Data2"
"Marina Khlebnikova","Osennij den'","Po200LutOsenHitU2","3:54",2013,"Pop",60,256,"F:\Studio\musik\dwn\_lat\_Pop-13.2\137.   - Marina Khlebnikova – Osennij den' .mp3","Data2"
"Goryachie Golovy","Osennyaya","Po200LutOsenHitU2","3:46",2013,"Pop",60,256,"F:\Studio\musik\dwn\_lat\_Pop-13.2\189.  Goryachie Golovy - Osennyaya .mp3","Data2"
"Sevenlee","Oskolki-slova","Po200LutOsenHitU2","2:39",2013,"Pop",80,128,"F:\Studio\musik\dwn\_lat\_Pop-13.2\161.  Sevenlee - Oskolki-slova .mp3","Data2"
"Aloena Roxis","Osvobodi","MTVrusOktyabr","3:18",2013,"Pop",60,256,"F:\Studio\musik\dwn\_lat\_Pop-13.2\94. Aloena Roxis - Osvobodi.mp3","Data2"
"A Dessa","Papa ryadom!","Po200LutOsenHitU2","1:46",2013,"Pop",60,128,"F:\Studio\musik\dwn\_lat\_Pop-13.2\169.  A - Dessa - Papa ryadom! .mp3","Data2"
"A'Studio","Papa, mama (Radio Edit)","Exclusive_Music_Box_Rus","3:29",2013,"Pop",60,256,"F:\Studio\musik\dwn\_lat\_Pop-13.2\19 A'Studio - Papa, mama (Radio Edit).mp3","Data2"
"Dasha Suvorova","Plachet Po Tebe","PozOsenPoP1","3:57",2013,"Pop",60,256,"F:\Studio\musik\dwn\_lat\_Pop-13.2\12.  Dasha Suvorova - Plachet Po Tebe .mp3","Data2"
"Myata","Plachu","SamSlivOseniRus2013","3:26",2013,"Pop",60,256,"F:\Studio\musik\dwn\_lat\_Pop-13.2\95 Myata - Plachu.mp3","Data2"
"Aerika","Pod snezhnym serebrom","PozOsenPoP1","3:39",2013,"Pop",60,256,"F:\Studio\musik\dwn\_lat\_Pop-13.2\40.  Aerika - Pod snezhnym serebrom .mp3","Data2"
"Denis Klyaver","Podari","Exclusive_Music_Box_Rus","4:06",2013,"Pop",60,256,"F:\Studio\musik\dwn\_lat\_Pop-13.2\41 Denis Klyaver - Podari.mp3","Data2"
"Denis Klyaver","Podari","ZvezdMuzKaiP1","4:10",2013,"Pop",60,256,"F:\Studio\musik\dwn\_lat\_Pop-13.2\72.  Denis Klyaver - Podari .mp3","Data2"
"Vasya Oblomov","Poganen'kij U Nas Narod","MaxiNovinRusRad","4:02",2013,"Pop",80,256,"F:\Studio\musik\dwn\_lat\_Pop-13.2\57.  Vasya Oblomov - Poganen'kij U Nas Narod .mp3","Data2"
"Virus","Polet (remix)","PozOsenPoP1","4:43",2013,"Pop",70,192,"F:\Studio\musik\dwn\_lat\_Pop-13.2\59.  Virus - Polet (remix) .mp3","Data2"
"Leonid Agutin","Pora domoj","SamSlivOseniRus2013","3:26",2013,"Pop",60,256,"F:\Studio\musik\dwn\_lat\_Pop-13.2\17 Leonid Agutin - Pora domoj.mp3","Data2"
"MakSim","Poster Girl","ZvezdTusOtdLutHit6P1","3:06",2013,"Pop",60,256,"F:\Studio\musik\dwn\_lat\_Pop-13.2\25.  MakSim - Poster Girl .mp3","Data2"
"Monako Project","Poyavilsya i propal","Exclusive_Music_Box_Rus","4:37",2013,"Pop",70,256,"F:\Studio\musik\dwn\_lat\_Pop-13.2\13 Monako Project - Poyavilsya i propal.mp3","Data2"
"Monako Project","Poyavilsya i propal","SamSlivOseniRus2013","4:37",2013,"Pop",70,256,"F:\Studio\musik\dwn\_lat\_Pop-13.2\42 Monako Project - Poyavilsya i propal.mp3","Data2"
"David","Pozdno","Po200LutOsenHitU2","3:18",2013,"Pop",60,128,"F:\Studio\musik\dwn\_lat\_Pop-13.2\066.  David - Pozdno .mp3","Data2"
"Evgenij Anegin","Pozhalej menya","Exclusive_Music_Box_Rus","3:51",2013,"Pop",80,256,"F:\Studio\musik\dwn\_lat\_Pop-13.2\50 Evgenij Anegin  Pozhalej menya.mp3","Data2"
"Dominik Dzhoker","Proschaj","ZvezdTusOtdLutHit6P1","3:03",2013,"Pop",60,256,"F:\Studio\musik\dwn\_lat\_Pop-13.2\95.  Dominik Dzhoker - Proschaj .mp3","Data2"
"Lajma Vajkule","Proschanie slavyanki","SamSlivOseniRus2013","3:12",2013,"Pop",80,256,"F:\Studio\musik\dwn\_lat\_Pop-13.2\64 Lajma Vajkule - Proschanie slavyanki.mp3","Data2"
"Aj Q feat. Young G","Prosti, Proschaj","PozOsenPoP1","4:00",2013,"Pop",60,256,"F:\Studio\musik\dwn\_lat\_Pop-13.2\85.  Aj - Q feat. Young G - Prosti, Proschaj .mp3","Data2"
"Meseda Bagaudinova","Prosto zamri","Exclusive_Music_Box_Rus","3:28",2013,"Pop",60,256,"F:\Studio\musik\dwn\_lat\_Pop-13.2\86 Meseda Bagaudinova - Prosto zamri.mp3","Data2"
"Elka","Provans (Dj Kirill Clash & Dj Dmitry Nema Remix)","ZvezdTusOtdLutHit6P1","3:42",2013,"Pop",60,224,"F:\Studio\musik\dwn\_lat\_Pop-13.2\47.  Elka - Provans (Dj Kirill Clash & Dj Dmitry Nema Remix) .mp3","Data2"
"Slava","Rasskazhi Mne, Mama","MTVrusOktyabr","3:15",2013,"Pop",90,256,"F:\Studio\musik\dwn\_lat\_Pop-13.2\28. Slava - Rasskazhi Mne, Mama.mp3","Data2"
"Kristina Orbakajte","Raz i navsegda","SamSlivOseniRus2013","3:22",2013,"Pop",90,256,"F:\Studio\musik\dwn\_lat\_Pop-13.2\92 Kristina Orbakajte - Raz i navsegda.mp3","Data2"
"NeAngely","Roman","MaxiNovinRusRad","4:08",2013,"Pop",60,256,"F:\Studio\musik\dwn\_lat\_Pop-13.2\15.  NeAngely - Roman .mp3","Data2"
"Katya Bazhenova","S Dnem Rozhdeniya","MaxiNovinRusRad","2:57",2013,"Pop",60,256,"F:\Studio\musik\dwn\_lat\_Pop-13.2\08.  Katya Bazhenova - S Dnem Rozhdeniya .mp3","Data2"
"Diskoteka Avariya","Salyut, Vera!","ZolOsePoSotRusVipP1","4:13",2013,"Pop",60,256,"F:\Studio\musik\dwn\_lat\_Pop-13.2\26.  Diskoteka Avariya - Salyut, Vera! .mp3","Data2"
"Katya Lel'","Sdelaj shag","LuchSotOsHitInov2","4:27",2013,"Pop",80,256,"F:\Studio\musik\dwn\_lat\_Pop-13.2\61.  Katya Lel' - Sdelaj shag .mp3","Data2"
"StaYa","Serdce (Radio Edit)","LuchSotOsHitInov2","3:09",2013,"Pop",60,256,"F:\Studio\musik\dwn\_lat\_Pop-13.2\49.  StaYa - Serdce (Radio Edit) .mp3","Data2"
"StaYa","Serdce (Radio Edit)","PozOsenPoP1","3:09",2013,"Pop",60,256,"F:\Studio\musik\dwn\_lat\_Pop-13.2\80.  StaYa - Serdce (Radio Edit) .mp3","Data2"
"Lera Tumanova","Serdce tuk-tuk","Exclusive_Music_Box_Rus","3:18",2013,"Pop",60,256,"F:\Studio\musik\dwn\_lat\_Pop-13.2\81 Lera Tumanova - Serdce tuk-tuk.mp3","Data2"
"Dmitrij Koldun i Katya Gordon","Serdcem","LuchSotOsHitInov2","2:53",2013,"Pop",60,256,"F:\Studio\musik\dwn\_lat\_Pop-13.2\76.  Dmitrij Koldun i Katya Gordon - Serdcem .mp3","Data2"
"Ruki Vverkh","Serezha (DJ Karp Remix)","MaxiNovinRusRad","5:51",2013,"Pop",60,256,"F:\Studio\musik\dwn\_lat\_Pop-13.2\16.  Ruki Vverkh - Serezha (DJ Karp Remix) .mp3","Data2"
"Ruki Vverkh","Serezha (DJ Karp Remix)","ZvezdTusOtdLutHit6P1","5:51",2013,"Pop",60,256,"F:\Studio\musik\dwn\_lat\_Pop-13.2\56.  Ruki Vverkh - Serezha (DJ Karp Remix) .mp3","Data2"
"Natasha Koroleva","Sinie lebedi (DJ Karp & DJ 90 Remix)","ZvezdTusOtdLutHit6P1","4:31",2013,"Pop",60,256,"F:\Studio\musik\dwn\_lat\_Pop-13.2\65.  Natasha Koroleva - Sinie lebedi (DJ Karp & DJ 90 Remix) .mp3","Data2"
"A Dessa i NeAngely","Siren'","ZvezdMuzKaiP1","3:27",2013,"Pop",70,256,"F:\Studio\musik\dwn\_lat\_Pop-13.2\71.  A - Dessa i NeAngely - Siren' .mp3","Data2"
"Neangely I A Dessa","Siren' (Dj Fisun Remix)","PozOsenPoP1","3:32",2013,"Pop",70,256,"F:\Studio\musik\dwn\_lat\_Pop-13.2\29.  Neangely I A - Dessa - Siren' (Dj Fisun Remix) .mp3","Data2"
"neAngely i A Dessa","Siren' (DJ Sergey Fisun Remix)","ZolOsePoSotRusVipP1","3:31",2013,"Pop",70,256,"F:\Studio\musik\dwn\_lat\_Pop-13.2\51.  neAngely i A - Dessa - Siren' (DJ Sergey Fisun Remix) .mp3","Data2"
"Serebro","Skazhi Ne Molchi (Danil Babichev Rmx)","LuchSotOsHitInov2","3:47",2013,"Pop",70,256,"F:\Studio\musik\dwn\_lat\_Pop-13.2\04.  Serebro - Skazhi Ne Molchi (Danil Babichev Rmx) .mp3","Data2"
"Serebro","Skazhi Ne Molchi (Danil Babichev Rmx)","ZvezdTusOtdLutHit6P1","3:47",2013,"Pop",70,256,"F:\Studio\musik\dwn\_lat\_Pop-13.2\96.  Serebro - Skazhi Ne Molchi (Danil Babichev Rmx) .mp3","Data2"
"Mokhito & NT Lex","Sloezy Solnca (Sasha Abzal Radio Edit)","ZvezdMuzKaiP1","2:47",2013,"Pop",60,256,"F:\Studio\musik\dwn\_lat\_Pop-13.2\81.  Mokhito & NT Lex - Sloezy Solnca (Sasha Abzal Radio Edit) .mp3","Data2"
"Mokhito & Nt Lex","Sloezy Solnca (Sasha Abzal Radio Edit)","ZvezdTusOtdLutHit6P1","2:47",2013,"Pop",60,256,"F:\Studio\musik\dwn\_lat\_Pop-13.2\32.  Mokhito & Nt Lex - Sloezy Solnca (Sasha Abzal Radio Edit) .mp3","Data2"
"Filipp Kirkorov","Sneg","ZolOsePoSotRusVipP1","4:40",2013,"Pop",80,256,"F:\Studio\musik\dwn\_lat\_Pop-13.2\62.  Filipp Kirkorov - Sneg .mp3","Data2"
"Polina Gagarina","Spektakl' okonchen","ZolOsePoSotRusVipP1","3:58",2013,"Pop",60,256,"F:\Studio\musik\dwn\_lat\_Pop-13.2\81.  Polina Gagarina - Spektakl' okonchen .mp3","Data2"
"Milena feat. Murzin Denis","Sto Istorij (Version 2013)","ZolOsePoSotRusVipP1","3:58",2013,"Pop",60,256,"F:\Studio\musik\dwn\_lat\_Pop-13.2\10.  Milena feat. Murzin Denis - Sto Istorij (Version 2013) .mp3","Data2"
"Denis Klyaver","Strannyj son","SamSlivOseniRus2013","3:19",2013,"Pop",60,256,"F:\Studio\musik\dwn\_lat\_Pop-13.2\100 Denis Klyaver - Strannyj son.mp3","Data2"
"Mariya Litti","Sumasshedshaya","MaxiNovinRusRad","3:24",2013,"Pop",60,256,"F:\Studio\musik\dwn\_lat\_Pop-13.2\79.  Mariya Litti - Sumasshedshaya .mp3","Data2"
"23 45","Tajna (Video Version)","Po200LutOsenHitU2","3:16",2013,"Pop",60,128,"F:\Studio\musik\dwn\_lat\_Pop-13.2\106.  23 - 45 - Tajna (Video Version) .mp3","Data2"
"Vintazh I Roma Kenga","Tancuj V Poslednij Raz","ZvezdTusOtdLutHit6P1","4:18",2013,"Pop",80,256,"F:\Studio\musik\dwn\_lat\_Pop-13.2\29.  Vintazh I Roma Kenga - Tancuj V Poslednij Raz .mp3","Data2"
"Natasha Koroloeva","Taxi And The City","MTVrusOktyabr","3:41",2013,"Pop",60,256,"F:\Studio\musik\dwn\_lat\_Pop-13.2\76. Natasha Koroloeva - Taxi And The City.mp3","Data2"
"Zhasmin","Toeplaya osen'","Po200LutOsenHitU2","3:16",2013,"Pop",60,256,"F:\Studio\musik\dwn\_lat\_Pop-13.2\108.  Zhasmin - Toeplaya osen' .mp3","Data2"
"Dasha Rusakova feat. David Todua","Tvoj Poceluj","DisOsDrive","3:09",2013,"Pop",60,256,"F:\Studio\musik\dwn\_lat\_Pop-13.2\87 Dasha Rusakova feat. David Todua - Tvoj Poceluj.mp3","Data2"
"Dasha Rusakova feat. David Todua","Tvoj Poceluj","Po200LutOsenHitU2","3:09",2013,"Pop",60,128,"F:\Studio\musik\dwn\_lat\_Pop-13.2\148.  Dasha Rusakova feat. David Todua - Tvoj Poceluj .mp3","Data2"
"Dasha Rusakova feat. David Todua","Tvoj Poceluj (Roma Pafos Remix)","LuchSotOsHitInov2","3:06",2013,"Pop",60,256,"F:\Studio\musik\dwn\_lat\_Pop-13.2\59.  Dasha Rusakova feat. David Todua - Tvoj Poceluj (Roma Pafos Remix) .mp3","Data2"
"Dasha Rusakova feat. David Todua","Tvoj Poceluj (Roma Pafos Remix)","ZvezdTusOtdLutHit6P1","3:11",2013,"Pop",60,256,"F:\Studio\musik\dwn\_lat\_Pop-13.2\76.  Dasha Rusakova feat. David Todua - Tvoj Poceluj (Roma Pafos Remix) .mp3","Data2"
"MakSim","Ty govorish'","Po200LutOsenHitU2","2:59",2013,"Pop",60,128,"F:\Studio\musik\dwn\_lat\_Pop-13.2\102.  MakSim - Ty govorish' .mp3","Data2"
"Yuliya Proskuryakova","Ty moe schast'e","Po200LutOsenHitU2","3:05",2013,"Pop",60,128,"F:\Studio\musik\dwn\_lat\_Pop-13.2\080.  Yuliya Proskuryakova - Ty moe schast'e .mp3","Data2"
"Elina","Ty ne moj","ZolOsePoSotRusVipP1","3:20",2013,"Pop",80,256,"F:\Studio\musik\dwn\_lat\_Pop-13.2\92.  Aelina - Ty ne moj .mp3","Data2"
"Kristina Dolce","Ty so mnoj","Exclusive_Music_Box_Rus","4:12",2013,"Pop",60,256,"F:\Studio\musik\dwn\_lat\_Pop-13.2\35 Kristina Dolce - Ty so mnoj.mp3","Data2"
"Kristina Dolce","Ty So Mnoj","LuchSotOsHitInov2","4:12",2013,"Pop",60,256,"F:\Studio\musik\dwn\_lat\_Pop-13.2\99.  Kristina Dolce - Ty So Mnoj .mp3","Data2"
"Kristina Dolce","Ty So Mnoj","MaxiNovinRusRad","4:12",2013,"Pop",60,256,"F:\Studio\musik\dwn\_lat\_Pop-13.2\06.  Kristina Dolce - Ty So Mnoj .mp3","Data2"
"Kristina Dolce","Ty So Mnoj","Po200LutOsenHitU2","4:12",2013,"Pop",60,128,"F:\Studio\musik\dwn\_lat\_Pop-13.2\197.  Kristina Dolce - Ty So Mnoj .mp3","Data2"
"Opium Project Feat. Phenomenon","Uletaesh'","ZvezdTusOtdLutHit6P1","4:18",2013,"Pop",70,256,"F:\Studio\musik\dwn\_lat\_Pop-13.2\80.  Opium Project Feat. Phenomenon - Uletaesh' .mp3","Data2"
"Eva Pol'na","Ves' Mir Na Ladoni","ZvezdTusOtdLutHit6P1","3:39",2013,"Pop",80,256,"F:\Studio\musik\dwn\_lat\_Pop-13.2\99.  Eva Pol'na - Ves' Mir Na Ladoni .mp3","Data2"
"Anastasiya Stockaya","Vlyublyat'sya","PozOsenPoP1","3:29",2013,"Pop",70,256,"F:\Studio\musik\dwn\_lat\_Pop-13.2\20.  Anastasiya Stockaya - Vlyublyat'sya .mp3","Data2"
"Anastasiya Stockaya","Vlyublyat'sya","ZolOsePoSotRusVipP1","3:29",2013,"Pop",70,256,"F:\Studio\musik\dwn\_lat\_Pop-13.2\13.  Anastasiya Stockaya - Vlyublyat'sya .mp3","Data2"
"Potap i Nastya","Vmeste","Po200LutOsenHitU2","3:12",2013,"Pop",60,128,"F:\Studio\musik\dwn\_lat\_Pop-13.2\128.  Potap i Nastya - Vmeste .mp3","Data2"
"Potap i Nastya Kamenskikh","Vmeste","ZvezdTusOtdLutHit6P1","3:05",2013,"Pop",60,256,"F:\Studio\musik\dwn\_lat\_Pop-13.2\20.  Potap i Nastya Kamenskikh - Vmeste .mp3","Data2"
"Potap i Nastya","Vse puchkom","SamSlivOseniRus2013","3:18",2013,"Pop",60,256,"F:\Studio\musik\dwn\_lat\_Pop-13.2\15 Potap i Nastya - Vse puchkom.mp3","Data2"
"Ol'ga Gorbacheva","Vtoroe Dykhanie","MTVrusOktyabr","3:27",2013,"Pop",60,256,"F:\Studio\musik\dwn\_lat\_Pop-13.2\62. Ol'ga Gorbacheva - Vtoroe Dykhanie.mp3","Data2"
"Ol'ga Gorbacheva","Vtoroe Dykhanie","ZvezdMuzKaiP1","3:27",2013,"Pop",60,256,"F:\Studio\musik\dwn\_lat\_Pop-13.2\49.  Ol'ga Gorbacheva - Vtoroe Dykhanie .mp3","Data2"
"Elka","Vyshe (Leti, Liza)","ZvezdMuzKaiP1","3:30",2013,"Pop",60,256,"F:\Studio\musik\dwn\_lat\_Pop-13.2\21.  ¨lka - Vyshe (Leti, Liza) .mp3","Data2"
"Elka","Vyshe (Leti, Liza)","ZvezdMuzKaiP1","3:30",2013,"Pop",60,256,"F:\Studio\musik\dwn\_lat\_Pop-13.2\21.  Elka - Vyshe (Leti, Liza) .mp3","Data2"
"Tina Karol'","V'yuga-Zima (Andrew Rai Radio Mix)","ZolOsePoSotRusVipP1","3:20",2013,"Pop",60,256,"F:\Studio\musik\dwn\_lat\_Pop-13.2\78.  Tina Karol' - V'yuga-Zima (Andrew Rai Radio Mix) .mp3","Data2"
"Tanya Nedel'skaya","Ya bez tebya vsego lish' polovina","Exclusive_Music_Box_Rus","4:26",2013,"Pop",60,256,"F:\Studio\musik\dwn\_lat\_Pop-13.2\47 Tanya Nedel'skaya - Ya bez tebya vsego lish' polovina.mp3","Data2"
"T - Killah Feat. Lena Katina (Ex. T.A.T.U)","Ya budu ryadom","LuchSotOsHitInov2","4:00",2013,"Pop",60,256,"F:\Studio\musik\dwn\_lat\_Pop-13.2\22.  T - Killah feat. Lena Katina - Ya budu ryadom .mp3","Data2"
"T - Killah Feat. Lena Katina (Ex. T.A.T.U)","Ya Budu Ryadom","MaxiNovinRusRad","4:00",2013,"Pop",70,256,"F:\Studio\musik\dwn\_lat\_Pop-13.2\44.  T - Killah Feat. Lena Katina (Ex. T.A.T.U) - Ya Budu Ryadom .mp3","Data2"
"T - Killah Feat. Lena Katina (Ex. T.A.T.U)","Ya Budu Ryadom","ZolOsePoSotRusVipP1","4:00",2013,"Pop",60,320,"F:\Studio\musik\dwn\_lat\_Pop-13.2\59.  T - Killah feat. Lena Katina  - Ya Budu Ryadom .mp3","Data2"
"T - Killah Feat. Lena Katina (Ex. T.A.T.U)","Ya Budu Ryadom","ZvezdTusOtdLutHit6P1","4:00",2013,"Pop",60,256,"F:\Studio\musik\dwn\_lat\_Pop-13.2\86.  T - Killah Feat. Lena Katina (Ex. T.A.T.U) - Ya Budu Ryadom .mp3","Data2"
"T - Killah Feat. Lena Katina (Ex. T.A.T.U)","Ya Budu Ryadom (DJ Tarantino Remix Radio)","LuchSotOsHitInov2","3:35",2013,"Pop",60,256,"F:\Studio\musik\dwn\_lat\_Pop-13.2\52.  T - Killah feat. Lena Katina (ex. t.A.T.u) - Ya Budu Ryadom (DJ Tarantino Remix Radio) .mp3","Data2"
"Mc 77 & Arkhitektor","Ya Ischu Tebya","MaxiNovinRusRad","3:58",2013,"Pop",60,256,"F:\Studio\musik\dwn\_lat\_Pop-13.2\09.  Mc 77 & Arkhitektor - Ya Ischu Tebya .mp3","Data2"
"Dmitrij Malikov","Ya tak skuchayu po tebe","SamSlivOseniRus2013","3:36",2013,"Pop",90,256,"F:\Studio\musik\dwn\_lat\_Pop-13.2\08 Dmitrij Malikov- Ya tak skuchayu po tebe.mp3","Data2"
"Alsu","Ya tebya ne pridumala","Po200LutOsenHitU2","3:04",2013,"Pop",60,128,"F:\Studio\musik\dwn\_lat\_Pop-13.2\180.  Alsu - Ya tebya ne pridumala .mp3","Data2"
"Alena Valensiya","Ya tvoya","Po200LutOsenHitU2","3:13",2013,"Pop",60,128,"F:\Studio\musik\dwn\_lat\_Pop-13.2\175.  Alena Valensiya - Ya tvoya .mp3","Data2"
"Yurij Shatunov","Ya veryu","Po200LutOsenHitU2","3:06",2013,"Pop",60,128,"F:\Studio\musik\dwn\_lat\_Pop-13.2\064.  Yurij Shatunov - Ya veryu .mp3","Data2"
"Yulija KhOLOD","Zamuzh","Po200LutOsenHitU2","2:57",2013,"Pop",60,128,"F:\Studio\musik\dwn\_lat\_Pop-13.2\114.  Yulija KhOLOD - Zamuzh .mp3","Data2"
"Yuliya HOLOD","Zamuzh","Exclusive_Music_Box_Rus","2:57",2013,"Pop",60,256,"F:\Studio\musik\dwn\_lat\_Pop-13.2\74 Yuliya HOLOD - Zamuzh.mp3","Data2"
"Ani Lorak","Zazhigaj Serdce","MTVrusOktyabr","3:31",2013,"Pop",60,256,"F:\Studio\musik\dwn\_lat\_Pop-13.2\97. Ani Lorak - Zazhigaj Serdce.mp3","Data2"
"Lera Tumanova (Aelektra)","Zdravstvuj (Dance Version)","MTVrusOktyabr","3:09",2013,"Pop",80,256,"F:\Studio\musik\dwn\_lat\_Pop-13.2\67. Lera Tumanova (Aelektra) - Zdravstvuj (Dance Version).mp3","Data2"
"Vasya Oblomov","Zhal'","ZvezdMuzKaiP1","4:11",2013,"Pop",60,256,"F:\Studio\musik\dwn\_lat\_Pop-13.2\22.  Vasya Oblomov - Zhal' .mp3","Data2"
"Maks Korzh","Zhit' v Kajf","DisOsDrive","2:51",2013,"Pop",60,256,"F:\Studio\musik\dwn\_lat\_Pop-13.2\39 Maks Korzh - Zhit' v Kajf.mp3","Data2"
"Maks Korzh","Zhit' v kajf","SamSlivOseniRus2013","2:51",2013,"Pop",60,256,"F:\Studio\musik\dwn\_lat\_Pop-13.2\12 Maks Korzh - Zhit' v kajf.mp3","Data2"
"Maks Korzh","Zhit' v kajf","ZolOsePoSotRusVipP1","2:51",2013,"Pop",60,256,"F:\Studio\musik\dwn\_lat\_Pop-13.2\96.  Maks Korzh - Zhit' v kajf.mp3","Data2"
